{
 "type": "FeatureCollection",
 "features": [
  {
   "type": "Feature",
   "properties": {
    "nome": "Parque Riviera",
    "ano": null,
    "status_ano": "incerto",
    "fonte_ano": "sem fonte oficial; área verde do bairro/conjunto habitacional Riviera (região norte)",
    "area_ha": 6.4,
    "na_area_estudo": true,
    "origem_geom": "GeoCascavel - Parques Ambientais (ctmgeo_22s:ParquesCascavel)"
   },
   "geometry": {
    "coordinates": [
     [
      [
       [
        -53.40545945708326,
        -24.9102928669474
       ],
       [
        -53.404078760783065,
        -24.91030739762199
       ],
       [
        -53.40368528062915,
        -24.910314273870863
       ],
       [
        -53.40407910594669,
        -24.91096786585293
       ],
       [
        -53.404336558396764,
        -24.911395128917693
       ],
       [
        -53.40476711159045,
        -24.912109658315583
       ],
       [
        -53.405094899195035,
        -24.91277583217696
       ],
       [
        -53.40555078774936,
        -24.913136831512062
       ],
       [
        -53.405768520938885,
        -24.913309244131426
       ],
       [
        -53.40589915752148,
        -24.91341268865702
       ],
       [
        -53.40589952666104,
        -24.913412679061203
       ],
       [
        -53.40638288118863,
        -24.91339648593516
       ],
       [
        -53.40639298782636,
        -24.913396780876443
       ],
       [
        -53.40696060057465,
        -24.913413353325016
       ],
       [
        -53.40727908905081,
        -24.913422646107264
       ],
       [
        -53.40727908905081,
        -24.913422646107264
       ],
       [
        -53.40728253986878,
        -24.912457966236573
       ],
       [
        -53.406123406178594,
        -24.91245453582151
       ],
       [
        -53.40612703831087,
        -24.91027142372098
       ],
       [
        -53.40545945708326,
        -24.9102928669474
       ]
      ]
     ]
    ],
    "type": "MultiPolygon"
   }
  },
  {
   "type": "Feature",
   "properties": {
    "nome": "Ecopark Morumbi",
    "ano": 2018,
    "status_ano": "confirmado",
    "fonte_ano": "1ª fase inaugurada em 15/11/2018 (91 mil m²); ampliação em 27/09/2024 (imprensa citando a Prefeitura)",
    "area_ha": 13.8,
    "na_area_estudo": true,
    "origem_geom": "GeoCascavel - Parques Ambientais (ctmgeo_22s:ParquesCascavel)"
   },
   "geometry": {
    "coordinates": [
     [
      [
       [
        -53.40775063365486,
        -24.940663496039008
       ],
       [
        -53.40787652383337,
        -24.940216136526463
       ],
       [
        -53.40778234226494,
        -24.940215716070785
       ],
       [
        -53.40813998638692,
        -24.939313585932947
       ],
       [
        -53.408270500935004,
        -24.939312871083597
       ],
       [
        -53.40826773546145,
        -24.938893140772418
       ],
       [
        -53.40823804204503,
        -24.938893063828772
       ],
       [
        -53.40823720942131,
        -24.938543369450418
       ],
       [
        -53.40779302711558,
        -24.938545960563506
       ],
       [
        -53.40768124022275,
        -24.93854689290599
       ],
       [
        -53.40768350118208,
        -24.93702732338263
       ],
       [
        -53.40740087193006,
        -24.936855473188153
       ],
       [
        -53.407008111156685,
        -24.93679982869517
       ],
       [
        -53.40691382478443,
        -24.94042592874762
       ],
       [
        -53.40775063365486,
        -24.940663496039008
       ]
      ]
     ],
     [
      [
       [
        -53.40598853079719,
        -24.944497388108914
       ],
       [
        -53.406039654648666,
        -24.944560015045877
       ],
       [
        -53.4061344414566,
        -24.944591661971543
       ],
       [
        -53.40631165723717,
        -24.9447450767642
       ],
       [
        -53.406464058745996,
        -24.944541824253886
       ],
       [
        -53.4067746983332,
        -24.94376026656808
       ],
       [
        -53.406880832571034,
        -24.94348037781356
       ],
       [
        -53.4070748970365,
        -24.943042713283866
       ],
       [
        -53.40719785376182,
        -24.942763183651802
       ],
       [
        -53.407237445637435,
        -24.942663720149124
       ],
       [
        -53.40804889743842,
        -24.942658039105865
       ],
       [
        -53.40805088292139,
        -24.941409410876837
       ],
       [
        -53.40809188045115,
        -24.941357532809256
       ],
       [
        -53.408138286350066,
        -24.941311843855804
       ],
       [
        -53.40821066473342,
        -24.941289092591376
       ],
       [
        -53.408280884172605,
        -24.941269628033123
       ],
       [
        -53.40827572801194,
        -24.94103769096545
       ],
       [
        -53.408222649368135,
        -24.940989429940885
       ],
       [
        -53.407387728095905,
        -24.940746177143723
       ],
       [
        -53.407349635195004,
        -24.940731140602956
       ],
       [
        -53.40691250242532,
        -24.940611305782703
       ],
       [
        -53.40564963312768,
        -24.944251792322596
       ],
       [
        -53.40586534187404,
        -24.94440496161714
       ],
       [
        -53.40598853079719,
        -24.944497388108914
       ]
      ]
     ],
     [
      [
       [
        -53.40443776336834,
        -24.94705779195566
       ],
       [
        -53.40440617500071,
        -24.94713894739138
       ],
       [
        -53.40435581763649,
        -24.947296870639157
       ],
       [
        -53.40427355646017,
        -24.94742007672138
       ],
       [
        -53.405460946797156,
        -24.948146339639965
       ],
       [
        -53.40562631224086,
        -24.948030564138868
       ],
       [
        -53.40578423613087,
        -24.947915518849637
       ],
       [
        -53.405903059089184,
        -24.947840527578226
       ],
       [
        -53.405158819278675,
        -24.947510663908204
       ],
       [
        -53.40475277576383,
        -24.947030527848508
       ],
       [
        -53.40535913579839,
        -24.946071980285915
       ],
       [
        -53.406119090083,
        -24.945100608782536
       ],
       [
        -53.40618369959085,
        -24.94503301015027
       ],
       [
        -53.406281121039434,
        -24.944969369909316
       ],
       [
        -53.40572023787907,
        -24.944522000053247
       ],
       [
        -53.40485633179742,
        -24.94400902722619
       ],
       [
        -53.403892695237424,
        -24.946759639460982
       ],
       [
        -53.40443776336834,
        -24.94705779195566
       ]
      ]
     ]
    ],
    "type": "MultiPolygon"
   }
  },
  {
   "type": "Feature",
   "properties": {
    "nome": "Parque Ambiental de Cascavel (Suely M. M. Festugatto)",
    "ano": 1999,
    "status_ano": "provável",
    "fonte_ano": "Decreto nº 4.968/1999 (tabela do autor) — confirmar se é o mesmo parque",
    "area_ha": 50.9,
    "na_area_estudo": false,
    "origem_geom": "GeoCascavel - Parques Ambientais (ctmgeo_22s:ParquesCascavel)"
   },
   "geometry": {
    "coordinates": [
     [
      [
       [
        -53.28876989945312,
        -24.996179028216357
       ],
       [
        -53.28899402750461,
        -24.99641902136087
       ],
       [
        -53.289098666999614,
        -24.996742271986868
       ],
       [
        -53.28918125310064,
        -24.996826842033634
       ],
       [
        -53.28924519416667,
        -24.997016947282457
       ],
       [
        -53.2894774260208,
        -24.997362694820588
       ],
       [
        -53.289967108622264,
        -24.99825490903833
       ],
       [
        -53.29016450133158,
        -24.998874150936985
       ],
       [
        -53.2902277891268,
        -24.999253188764335
       ],
       [
        -53.29019063346769,
        -24.999353954403574
       ],
       [
        -53.290265554574574,
        -24.999655275981937
       ],
       [
        -53.29029872638353,
        -24.999969877575005
       ],
       [
        -53.29049540460752,
        -25.000310032622245
       ],
       [
        -53.29055721527993,
        -25.000491104592406
       ],
       [
        -53.29070452721771,
        -25.000642864726718
       ],
       [
        -53.29096879715781,
        -25.00085163607786
       ],
       [
        -53.29144644989385,
        -25.001521166740613
       ],
       [
        -53.29151366618863,
        -25.002500022712347
       ],
       [
        -53.291696286438096,
        -25.002277239854347
       ],
       [
        -53.29209285667813,
        -25.001717235602914
       ],
       [
        -53.29310688252928,
        -25.00028528464824
       ],
       [
        -53.29564020824559,
        -24.99672680467894
       ],
       [
        -53.29451356503309,
        -24.99527762515555
       ],
       [
        -53.293720548302886,
        -24.99439267216576
       ],
       [
        -53.292323575105605,
        -24.993125263168555
       ],
       [
        -53.29111705295177,
        -24.992088737107352
       ],
       [
        -53.29088264883798,
        -24.99192719260266
       ],
       [
        -53.29051869478734,
        -24.991720601521706
       ],
       [
        -53.29021511405602,
        -24.991595457924085
       ],
       [
        -53.28953409012024,
        -24.991385411216754
       ],
       [
        -53.28880436436348,
        -24.99119869413663
       ],
       [
        -53.28880436436348,
        -24.99119869413663
       ],
       [
        -53.287285087437745,
        -24.9950757097213
       ],
       [
        -53.287953867086436,
        -24.995558471377937
       ],
       [
        -53.28876989945312,
        -24.996179028216357
       ]
      ]
     ]
    ],
    "type": "MultiPolygon"
   }
  },
  {
   "type": "Feature",
   "properties": {
    "nome": "Parque Municipal Salto Portão (Ponte Molhada)",
    "ano": 2004,
    "status_ano": "provável",
    "fonte_ano": "inaugurado em 29/06/2004; zona rural, fora da área de estudo",
    "area_ha": 12.1,
    "na_area_estudo": false,
    "origem_geom": "GeoCascavel - Parques Ambientais (ctmgeo_22s:ParquesCascavel)"
   },
   "geometry": {
    "coordinates": [
     [
      [
       [
        -53.25991427973288,
        -25.070951616978835
       ],
       [
        -53.259625214271466,
        -25.07129336980374
       ],
       [
        -53.25961615406293,
        -25.072446993975642
       ],
       [
        -53.25961277511879,
        -25.072877253999717
       ],
       [
        -53.259799265335396,
        -25.07377843902492
       ],
       [
        -53.26286132118037,
        -25.073554475707063
       ],
       [
        -53.2627378123112,
        -25.07293465768
       ],
       [
        -53.26265384806843,
        -25.072765023331524
       ],
       [
        -53.26265384806843,
        -25.072765023331524
       ],
       [
        -53.26257837481804,
        -25.071774988339158
       ],
       [
        -53.26258085397461,
        -25.071044674151455
       ],
       [
        -53.26258489481238,
        -25.0707784222872
       ],
       [
        -53.2624004282386,
        -25.06987349354915
       ],
       [
        -53.26223989116093,
        -25.06899721652895
       ],
       [
        -53.261257428763706,
        -25.069114762081302
       ],
       [
        -53.26129871379066,
        -25.069689883813624
       ],
       [
        -53.26072454127396,
        -25.07075928986731
       ],
       [
        -53.26040065336114,
        -25.070836169862467
       ],
       [
        -53.25991427973288,
        -25.070951616978835
       ]
      ]
     ]
    ],
    "type": "MultiPolygon"
   }
  },
  {
   "type": "Feature",
   "properties": {
    "nome": "Parque Municipal Danilo José Galafassi (Zoológico)",
    "ano": 1978,
    "status_ano": "confirmado",
    "fonte_ano": "Lei Municipal nº 1.162/1978 (tabela do autor)",
    "area_ha": 20.4,
    "na_area_estudo": true,
    "origem_geom": "GeoCascavel - Parques Ambientais (ctmgeo_22s:ParquesCascavel)"
   },
   "geometry": {
    "coordinates": [
     [
      [
       [
        -53.43352981671371,
        -24.94802445286443
       ],
       [
        -53.43351144746113,
        -24.948015215266167
       ],
       [
        -53.43335371070847,
        -24.948092643292764
       ],
       [
        -53.43325108399057,
        -24.948142616542977
       ],
       [
        -53.432934399843646,
        -24.948298819329594
       ],
       [
        -53.43269540103167,
        -24.948416838686374
       ],
       [
        -53.43253111321185,
        -24.948497780132904
       ],
       [
        -53.432446819315906,
        -24.948538417241846
       ],
       [
        -53.43233841377876,
        -24.94859213981475
       ],
       [
        -53.432233552947025,
        -24.948643702140075
       ],
       [
        -53.43201531859203,
        -24.94875060889434
       ],
       [
        -53.431691021574224,
        -24.948910422079763
       ],
       [
        -53.43142065050432,
        -24.94904138541719
       ],
       [
        -53.43130726212106,
        -24.949098258547135
       ],
       [
        -53.43118868701859,
        -24.949155688357454
       ],
       [
        -53.43090444715268,
        -24.949294632819942
       ],
       [
        -53.430493491893046,
        -24.949496509370594
       ],
       [
        -53.43027800516244,
        -24.949601018323634
       ],
       [
        -53.430122159543416,
        -24.94967788914674
       ],
       [
        -53.43002512239533,
        -24.94972545774655
       ],
       [
        -53.42994098432698,
        -24.949766879214117
       ],
       [
        -53.42982750372003,
        -24.94982076455836
       ],
       [
        -53.42973666504229,
        -24.949867520858387
       ],
       [
        -53.429509167010664,
        -24.949979808590182
       ],
       [
        -53.42926214992689,
        -24.95010208940418
       ],
       [
        -53.42892501077377,
        -24.950266422512932
       ],
       [
        -53.4287728255981,
        -24.950342364297953
       ],
       [
        -53.42915058705421,
        -24.95097003862406
       ],
       [
        -53.42915312781575,
        -24.95097212402228
       ],
       [
        -53.4297277627813,
        -24.951947710027525
       ],
       [
        -53.42979671213379,
        -24.952068611963078
       ],
       [
        -53.42988106516445,
        -24.952212408752434
       ],
       [
        -53.42994090980963,
        -24.95231713240036
       ],
       [
        -53.429983010857065,
        -24.952385419073668
       ],
       [
        -53.430234267782694,
        -24.952471363813995
       ],
       [
        -53.43040981669121,
        -24.952534232881547
       ],
       [
        -53.4305435629088,
        -24.952581902269078
       ],
       [
        -53.43060090654863,
        -24.952602372456898
       ],
       [
        -53.430820949404016,
        -24.95268175861514
       ],
       [
        -53.43096054634509,
        -24.952731449019396
       ],
       [
        -53.43107177724398,
        -24.9527708149832
       ],
       [
        -53.43123617041798,
        -24.952830568779824
       ],
       [
        -53.43140343775488,
        -24.952889143988838
       ],
       [
        -53.43151822250199,
        -24.952930249281593
       ],
       [
        -53.431660281399346,
        -24.95298150400945
       ],
       [
        -53.43178390354523,
        -24.953025818975643
       ],
       [
        -53.43192486866056,
        -24.953076766208692
       ],
       [
        -53.43196748019346,
        -24.95309183086657
       ],
       [
        -53.432142957415365,
        -24.953401750588302
       ],
       [
        -53.432402481060016,
        -24.953838399742715
       ],
       [
        -53.432456385355195,
        -24.95393196775223
       ],
       [
        -53.432510925998315,
        -24.954020334677534
       ],
       [
        -53.43273054615528,
        -24.95439165163111
       ],
       [
        -53.43276030449223,
        -24.9544415574114
       ],
       [
        -53.433065207266345,
        -24.954293541407484
       ],
       [
        -53.43338076339048,
        -24.95414105649554
       ],
       [
        -53.433520980713155,
        -24.953842251668828
       ],
       [
        -53.433611355105775,
        -24.953618505662302
       ],
       [
        -53.43361328280286,
        -24.953618160935466
       ],
       [
        -53.43363155029067,
        -24.953603335994327
       ],
       [
        -53.433646672013104,
        -24.953585704812614
       ],
       [
        -53.43365977677438,
        -24.95356298039553
       ],
       [
        -53.43367066198202,
        -24.953537981060773
       ],
       [
        -53.43368227127191,
        -24.953514150851348
       ],
       [
        -53.43369293417052,
        -24.953488683936
       ],
       [
        -53.4336984029114,
        -24.953463395897625
       ],
       [
        -53.43370299828318,
        -24.953434971341405
       ],
       [
        -53.43371107809609,
        -24.953266786878988
       ],
       [
        -53.43372497735707,
        -24.952926057819955
       ],
       [
        -53.433733562284935,
        -24.95258785708527
       ],
       [
        -53.433732657757545,
        -24.952514658781162
       ],
       [
        -53.43373278998989,
        -24.952450909046416
       ],
       [
        -53.43373238463449,
        -24.952419106249383
       ],
       [
        -53.43372613286628,
        -24.952405264039438
       ],
       [
        -53.43372254600652,
        -24.952381073171683
       ],
       [
        -53.43372111904731,
        -24.952274709775633
       ],
       [
        -53.43372666835642,
        -24.95201241646875
       ],
       [
        -53.433731882161744,
        -24.95179190944766
       ],
       [
        -53.43373268818346,
        -24.9516807969211
       ],
       [
        -53.43373219822764,
        -24.951337060265338
       ],
       [
        -53.43373286472895,
        -24.951040470680653
       ],
       [
        -53.433733411898636,
        -24.950919505865542
       ],
       [
        -53.43373252626988,
        -24.950788035558165
       ],
       [
        -53.433730478963234,
        -24.95069211790315
       ],
       [
        -53.43372656564881,
        -24.950500087681817
       ],
       [
        -53.43372893329776,
        -24.95041843472927
       ],
       [
        -53.433722958512526,
        -24.950328086208444
       ],
       [
        -53.43372256261211,
        -24.950225082674077
       ],
       [
        -53.433719899446736,
        -24.949994520505115
       ],
       [
        -53.4337203624926,
        -24.94976485896335
       ],
       [
        -53.433719668492586,
        -24.949362302379335
       ],
       [
        -53.43372023286264,
        -24.94917022790184
       ],
       [
        -53.43371492604961,
        -24.94915567486004
       ],
       [
        -53.43369565385592,
        -24.94913611074455
       ],
       [
        -53.43367707536876,
        -24.949059116990924
       ],
       [
        -53.43366152197002,
        -24.94898895257707
       ],
       [
        -53.43362293311115,
        -24.94881630445565
       ],
       [
        -53.43360658278523,
        -24.94874310731136
       ],
       [
        -53.433587523136175,
        -24.948658256029997
       ],
       [
        -53.43357281829191,
        -24.948589485701884
       ],
       [
        -53.43355169741816,
        -24.94850060964355
       ],
       [
        -53.43353955286091,
        -24.9484453976218
       ],
       [
        -53.43353580940904,
        -24.948415124488275
       ],
       [
        -53.43353289652346,
        -24.94835119572632
       ],
       [
        -53.43353345232097,
        -24.948308329786556
       ],
       [
        -53.43353221288687,
        -24.948131926877338
       ],
       [
        -53.43352998293209,
        -24.94803471384711
       ],
       [
        -53.43352981671371,
        -24.94802445286443
       ]
      ]
     ]
    ],
    "type": "MultiPolygon"
   }
  },
  {
   "type": "Feature",
   "properties": {
    "nome": "Ecopark Norte Floresta (Rui Capelão)",
    "ano": 2026,
    "status_ano": "confirmado",
    "fonte_ano": "entregue em 27/08/2026 (Prefeitura e AEN-PR) — posterior a todos os verões analisados",
    "area_ha": 16.8,
    "na_area_estudo": true,
    "origem_geom": "GeoCascavel - Parques Ambientais (ctmgeo_22s:ParquesCascavel)"
   },
   "geometry": {
    "coordinates": [
     [
      [
       [
        -53.423686030895915,
        -24.91013474347118
       ],
       [
        -53.42368602657447,
        -24.910134738080743
       ],
       [
        -53.423361219622585,
        -24.91030639235232
       ],
       [
        -53.42288650571051,
        -24.910541102937266
       ],
       [
        -53.4229619639994,
        -24.910668041132027
       ],
       [
        -53.42315243277352,
        -24.91057189530617
       ],
       [
        -53.42324828120829,
        -24.910729805822115
       ],
       [
        -53.42315524499266,
        -24.910776769206002
       ],
       [
        -53.42334579036536,
        -24.91109316947805
       ],
       [
        -53.423536254266544,
        -24.910997014648515
       ],
       [
        -53.42363210354621,
        -24.911154924838332
       ],
       [
        -53.423538516483724,
        -24.911202171923712
       ],
       [
        -53.42374680607764,
        -24.911550866124532
       ],
       [
        -53.424145028250805,
        -24.911367993452906
       ],
       [
        -53.42441468887824,
        -24.911235278489983
       ],
       [
        -53.424462677803795,
        -24.911221142227173
       ],
       [
        -53.42424850730182,
        -24.910886067739757
       ],
       [
        -53.42395051127453,
        -24.910464393561035
       ],
       [
        -53.42395049095577,
        -24.91046436823066
       ],
       [
        -53.423686030895915,
        -24.91013474347118
       ]
      ]
     ],
     [
      [
       [
        -53.424446273466124,
        -24.911421897763834
       ],
       [
        -53.42420192889162,
        -24.911542153248664
       ],
       [
        -53.42400707137876,
        -24.91163950815809
       ],
       [
        -53.423830741858076,
        -24.91172851740692
       ],
       [
        -53.42400651611508,
        -24.912023063567908
       ],
       [
        -53.42419698594481,
        -24.91192691632573
       ],
       [
        -53.42429283685554,
        -24.912084825954192
       ],
       [
        -53.42419638733636,
        -24.912134811460373
       ],
       [
        -53.4243019391243,
        -24.91230790020002
       ],
       [
        -53.42440016352397,
        -24.912258040574805
       ],
       [
        -53.42448621683685,
        -24.912399033705338
       ],
       [
        -53.42467662271201,
        -24.912302837544996
       ],
       [
        -53.42477247341361,
        -24.912460747358125
       ],
       [
        -53.42458206467288,
        -24.912556996389625
       ],
       [
        -53.424772746442386,
        -24.912873329253493
       ],
       [
        -53.42494589765858,
        -24.912785915637734
       ],
       [
        -53.425041748480666,
        -24.91294382554024
       ],
       [
        -53.424868649214815,
        -24.913031325015936
       ],
       [
        -53.4250901852321,
        -24.913394235558624
       ],
       [
        -53.425191719467776,
        -24.913550922481182
       ],
       [
        -53.42528811472306,
        -24.913739650179316
       ],
       [
        -53.42531984991481,
        -24.914152042472754
       ],
       [
        -53.425358320370925,
        -24.91425834216556
       ],
       [
        -53.42535684488591,
        -24.914502120560687
       ],
       [
        -53.42546568930331,
        -24.91450270910054
       ],
       [
        -53.4254642140706,
        -24.914746487473696
       ],
       [
        -53.425472737451216,
        -24.914929929728526
       ],
       [
        -53.42547022426615,
        -24.915345255821226
       ],
       [
        -53.425687378866115,
        -24.915347093809952
       ],
       [
        -53.425680454535154,
        -24.91552313517569
       ],
       [
        -53.425678979896084,
        -24.915766913489534
       ],
       [
        -53.42580266797476,
        -24.915767581917272
       ],
       [
        -53.42580456183592,
        -24.916007620212504
       ],
       [
        -53.42626593791418,
        -24.916004269053722
       ],
       [
        -53.42661506305956,
        -24.9159619442972
       ],
       [
        -53.426442820327,
        -24.915606239383948
       ],
       [
        -53.426437808186904,
        -24.915566307221248
       ],
       [
        -53.42639109177722,
        -24.91541375937438
       ],
       [
        -53.42630931691611,
        -24.915124937733292
       ],
       [
        -53.42627284034837,
        -24.91497411477509
       ],
       [
        -53.4262400835226,
        -24.91484582627518
       ],
       [
        -53.42620732678622,
        -24.914717537769796
       ],
       [
        -53.4261550934573,
        -24.91446079227057
       ],
       [
        -53.42611411388709,
        -24.914247817319676
       ],
       [
        -53.42607256824103,
        -24.91405180882442
       ],
       [
        -53.426035970908096,
        -24.913907394954578
       ],
       [
        -53.42601777753334,
        -24.913805556789487
       ],
       [
        -53.425999584195914,
        -24.913703718618645
       ],
       [
        -53.425936266570844,
        -24.913532020514836
       ],
       [
        -53.42591251271011,
        -24.913443971088792
       ],
       [
        -53.425891860291934,
        -24.913364636504447
       ],
       [
        -53.425793461475955,
        -24.91307492304978
       ],
       [
        -53.42568602980232,
        -24.912758612454393
       ],
       [
        -53.42566012149264,
        -24.912682831838133
       ],
       [
        -53.42548952173606,
        -24.91251199339682
       ],
       [
        -53.425281221730835,
        -24.91216399855534
       ],
       [
        -53.424922528615454,
        -24.91186966468517
       ],
       [
        -53.4246098820607,
        -24.91154334562503
       ],
       [
        -53.42451864509778,
        -24.911400604454315
       ],
       [
        -53.424446273466124,
        -24.911421897763834
       ]
      ]
     ],
     [
      [
       [
        -53.42688821532618,
        -24.916427206392452
       ],
       [
        -53.426763880875214,
        -24.916225206257526
       ],
       [
        -53.42669390816401,
        -24.916111524639717
       ],
       [
        -53.42658357028004,
        -24.916136005344363
       ],
       [
        -53.42646404057777,
        -24.916153774417925
       ],
       [
        -53.42638175482747,
        -24.916157489978072
       ],
       [
        -53.425825973738995,
        -24.916165373912808
       ],
       [
        -53.425683377820654,
        -24.916169119746787
       ],
       [
        -53.4256826940796,
        -24.9163626898338
       ],
       [
        -53.42541065605835,
        -24.91636121946108
       ],
       [
        -53.425411117414505,
        -24.91660500825576
       ],
       [
        -53.42541138873087,
        -24.916785513960836
       ],
       [
        -53.42536736273235,
        -24.91678743193054
       ],
       [
        -53.425371057683684,
        -24.91787036693125
       ],
       [
        -53.42572808896062,
        -24.91786993522117
       ],
       [
        -53.426159154129664,
        -24.917828150343773
       ],
       [
        -53.42640030024621,
        -24.917784172883053
       ],
       [
        -53.42662339104878,
        -24.91772559999141
       ],
       [
        -53.427031020941925,
        -24.917609222074972
       ],
       [
        -53.4274242356314,
        -24.917494118150156
       ],
       [
        -53.427302662650064,
        -24.917282192481107
       ],
       [
        -53.42718190529963,
        -24.916921521468257
       ],
       [
        -53.42688821532618,
        -24.916427206392452
       ]
      ]
     ],
     [
      [
       [
        -53.4274781817277,
        -24.917863447959075
       ],
       [
        -53.42744417132098,
        -24.9177113558933
       ],
       [
        -53.427118456403775,
        -24.917801960831202
       ],
       [
        -53.4266861234397,
        -24.917931270966776
       ],
       [
        -53.42644783357582,
        -24.917993834424724
       ],
       [
        -53.42618975061375,
        -24.91804090065282
       ],
       [
        -53.425727658999605,
        -24.918085693081693
       ],
       [
        -53.42572662417968,
        -24.918256822806544
       ],
       [
        -53.425959162442155,
        -24.91825807892585
       ],
       [
        -53.425957689539615,
        -24.91850173665906
       ],
       [
        -53.42704126429719,
        -24.918509495941144
       ],
       [
        -53.42704017623202,
        -24.91868307520661
       ],
       [
        -53.426939575814224,
        -24.918682532589077
       ],
       [
        -53.42693816229865,
        -24.91892631095381
       ],
       [
        -53.42704929951726,
        -24.918926891587603
       ],
       [
        -53.42705012677766,
        -24.91917080217174
       ],
       [
        -53.42704292997438,
        -24.91934623853044
       ],
       [
        -53.42704260354087,
        -24.91940032330831
       ],
       [
        -53.42640557888694,
        -24.91996986536905
       ],
       [
        -53.425871540266314,
        -24.920439631702322
       ],
       [
        -53.42597752540756,
        -24.920513077834556
       ],
       [
        -53.42621431328041,
        -24.920223756011183
       ],
       [
        -53.4272780168114,
        -24.920960876736977
       ],
       [
        -53.42704159139729,
        -24.92125045035648
       ],
       [
        -53.42766124667546,
        -24.921683325896897
       ],
       [
        -53.429682724662044,
        -24.92306725131889
       ],
       [
        -53.43012902364375,
        -24.922184302285
       ],
       [
        -53.42994809671039,
        -24.922085293401118
       ],
       [
        -53.430003488421676,
        -24.92204117277045
       ],
       [
        -53.430161133286575,
        -24.921922737974416
       ],
       [
        -53.42960125872816,
        -24.921474283901695
       ],
       [
        -53.429146967720015,
        -24.921110397056534
       ],
       [
        -53.42861907149402,
        -24.92068754781052
       ],
       [
        -53.42833832586679,
        -24.920241389072938
       ],
       [
        -53.42807235829098,
        -24.91981871172097
       ],
       [
        -53.42791397909584,
        -24.919562406193858
       ],
       [
        -53.4274781817277,
        -24.917863447959075
       ]
      ]
     ]
    ],
    "type": "MultiPolygon"
   }
  },
  {
   "type": "Feature",
   "properties": {
    "nome": "Parque Vitória / Hilário Zardo",
    "ano": 2012,
    "status_ano": "confirmado",
    "fonte_ano": "inaugurado em 2012 (tabela do autor)",
    "area_ha": 19.1,
    "na_area_estudo": true,
    "origem_geom": "GeoCascavel - Parques Ambientais (ctmgeo_22s:ParquesCascavel)"
   },
   "geometry": {
    "coordinates": [
     [
      [
       [
        -53.45926668863092,
        -24.938518436261493
       ],
       [
        -53.45868342578101,
        -24.939335805968884
       ],
       [
        -53.45868342578101,
        -24.939335805968884
       ],
       [
        -53.45863206709381,
        -24.939400746187918
       ],
       [
        -53.45833013306207,
        -24.93983451208423
       ],
       [
        -53.45792432733169,
        -24.93960253644095
       ],
       [
        -53.457858985415754,
        -24.939703266821628
       ],
       [
        -53.457747878579326,
        -24.93971156058873
       ],
       [
        -53.45748345430671,
        -24.940093199717275
       ],
       [
        -53.45735799044568,
        -24.94002096272262
       ],
       [
        -53.4572325267255,
        -24.93994872561936
       ],
       [
        -53.457107063146,
        -24.939876488398447
       ],
       [
        -53.45702244678512,
        -24.939998612648182
       ],
       [
        -53.456937830263676,
        -24.940120736851753
       ],
       [
        -53.4568532135721,
        -24.940242861027365
       ],
       [
        -53.45645173022994,
        -24.94001170050264
       ],
       [
        -53.456322160188705,
        -24.940198702761123
       ],
       [
        -53.45608417342723,
        -24.94054217605477
       ],
       [
        -53.45591229331652,
        -24.94079023992286
       ],
       [
        -53.455868479646185,
        -24.94085347329185
       ],
       [
        -53.455868479646185,
        -24.94085347329185
       ],
       [
        -53.455868479646185,
        -24.94085347329185
       ],
       [
        -53.45672121794182,
        -24.941384942350137
       ],
       [
        -53.45606227629309,
        -24.942279735027498
       ],
       [
        -53.456178687519234,
        -24.942346779788952
       ],
       [
        -53.45647582688621,
        -24.94251791061125
       ],
       [
        -53.45685221178709,
        -24.942734679546636
       ],
       [
        -53.457354060285255,
        -24.943023703146814
       ],
       [
        -53.45789773204082,
        -24.943336809919522
       ],
       [
        -53.458065016190304,
        -24.94343315001839
       ],
       [
        -53.458212644653095,
        -24.943518169982795
       ],
       [
        -53.458413386233815,
        -24.94363377761273
       ],
       [
        -53.4584786976208,
        -24.943671390509508
       ],
       [
        -53.458708746932615,
        -24.9438095624783
       ],
       [
        -53.45869993090234,
        -24.943573593995332
       ],
       [
        -53.45879951753934,
        -24.943568184837073
       ],
       [
        -53.45898758912054,
        -24.94356826553229
       ],
       [
        -53.45897056226127,
        -24.943531005886552
       ],
       [
        -53.45900543458134,
        -24.94347411868672
       ],
       [
        -53.45906427252492,
        -24.943461518132217
       ],
       [
        -53.45911751030356,
        -24.94348976730334
       ],
       [
        -53.45952264926936,
        -24.943476447722446
       ],
       [
        -53.459400341039,
        -24.94164518573162
       ],
       [
        -53.46081726926002,
        -24.941558024183973
       ],
       [
        -53.460389977581926,
        -24.939974526081333
       ],
       [
        -53.46051520983215,
        -24.939846663691633
       ],
       [
        -53.46097575767714,
        -24.939517008953768
       ],
       [
        -53.461266104855135,
        -24.939241534729888
       ],
       [
        -53.46162523550337,
        -24.938977282190073
       ],
       [
        -53.46175387844516,
        -24.93890541284096
       ],
       [
        -53.461742547912124,
        -24.938739956449332
       ],
       [
        -53.46174024425997,
        -24.93862408725279
       ],
       [
        -53.46057765198483,
        -24.937923935567355
       ],
       [
        -53.46053942451929,
        -24.937829145980412
       ],
       [
        -53.46052275285332,
        -24.937598104991917
       ],
       [
        -53.46036701904842,
        -24.937588285643788
       ],
       [
        -53.460333129802535,
        -24.937478694768288
       ],
       [
        -53.459921125480165,
        -24.93750510883327
       ],
       [
        -53.45979687591989,
        -24.937727309498165
       ],
       [
        -53.459654621177336,
        -24.937974789702473
       ],
       [
        -53.45926668863092,
        -24.938518436261493
       ]
      ]
     ]
    ],
    "type": "MultiPolygon"
   }
  },
  {
   "type": "Feature",
   "properties": {
    "nome": "Parque Tarquínio Joslin dos Santos",
    "ano": 1992,
    "status_ano": "confirmado",
    "fonte_ano": "Decreto Municipal nº 3.405/1992 (tabela do autor)",
    "area_ha": 7.4,
    "na_area_estudo": true,
    "origem_geom": "GeoCascavel - Parques Ambientais (ctmgeo_22s:ParquesCascavel)"
   },
   "geometry": {
    "coordinates": [
     [
      [
       [
        -53.46118077281892,
        -24.9712127236617
       ],
       [
        -53.46088482396585,
        -24.97144867748253
       ],
       [
        -53.46026920719534,
        -24.97143762416431
       ],
       [
        -53.46032445328759,
        -24.972239176004926
       ],
       [
        -53.46033568809294,
        -24.972303529625204
       ],
       [
        -53.46036455263004,
        -24.972392818268773
       ],
       [
        -53.46057318788992,
        -24.97295668782288
       ],
       [
        -53.460608610782955,
        -24.973034999855553
       ],
       [
        -53.46065952749271,
        -24.97311516620091
       ],
       [
        -53.4612234589182,
        -24.973701364718575
       ],
       [
        -53.46158992904881,
        -24.9731111193744
       ],
       [
        -53.461724023730966,
        -24.972895141964436
       ],
       [
        -53.46189741964067,
        -24.972615863414237
       ],
       [
        -53.462079238114306,
        -24.972712793099383
       ],
       [
        -53.46280179111064,
        -24.973097991351505
       ],
       [
        -53.46280179111064,
        -24.973097991351505
       ],
       [
        -53.463201975238704,
        -24.972470759360995
       ],
       [
        -53.46335702227241,
        -24.97255295240836
       ],
       [
        -53.463431689044974,
        -24.972427686961264
       ],
       [
        -53.46363555612058,
        -24.972371847877145
       ],
       [
        -53.46360870172633,
        -24.972342770243824
       ],
       [
        -53.46357023734438,
        -24.972295751317233
       ],
       [
        -53.4634848775365,
        -24.972176129719397
       ],
       [
        -53.46345465580843,
        -24.972135292289963
       ],
       [
        -53.463428594824016,
        -24.972104494772562
       ],
       [
        -53.46338099877507,
        -24.97206132751552
       ],
       [
        -53.46335078679646,
        -24.97201739016046
       ],
       [
        -53.46335078677701,
        -24.972017390178838
       ],
       [
        -53.463177802660645,
        -24.97185101577707
       ],
       [
        -53.46277562872914,
        -24.97139683231517
       ],
       [
        -53.46263017538589,
        -24.971208176114384
       ],
       [
        -53.462543570985524,
        -24.97106717433349
       ],
       [
        -53.462584243502825,
        -24.970984072695096
       ],
       [
        -53.46262744170392,
        -24.970888643388143
       ],
       [
        -53.46268625089649,
        -24.970753435167268
       ],
       [
        -53.46263544381606,
        -24.970249358024713
       ],
       [
        -53.46262128293399,
        -24.96994803171136
       ],
       [
        -53.462329860193535,
        -24.969967510846978
       ],
       [
        -53.46136541381534,
        -24.97006359356778
       ],
       [
        -53.461453072018905,
        -24.97079471532181
       ],
       [
        -53.46111649755681,
        -24.970828245645947
       ],
       [
        -53.46118077281892,
        -24.9712127236617
       ]
      ]
     ]
    ],
    "type": "MultiPolygon"
   }
  },
  {
   "type": "Feature",
   "properties": {
    "nome": "Ecopark Santa Felicidade (Plínio Destro)",
    "ano": 2024,
    "status_ano": "provável",
    "fonte_ano": "entregue no fim de 2024 (Prefeitura/Secom, 23/12/2024: obra 97% concluída)",
    "area_ha": 11.1,
    "na_area_estudo": true,
    "origem_geom": "GeoCascavel - Parques Ambientais (ctmgeo_22s:ParquesCascavel)"
   },
   "geometry": {
    "coordinates": [
     [
      [
       [
        -53.46663307781478,
        -24.989175623448734
       ],
       [
        -53.46639751189502,
        -24.9896808800926
       ],
       [
        -53.4668827820502,
        -24.989869374591773
       ],
       [
        -53.467366888001116,
        -24.990057414655954
       ],
       [
        -53.467464107502664,
        -24.989849509974363
       ],
       [
        -53.4676751991836,
        -24.989391613637494
       ],
       [
        -53.467775417043086,
        -24.989174221649765
       ],
       [
        -53.46666421904855,
        -24.98910882946673
       ],
       [
        -53.46663307781478,
        -24.989175623448734
       ]
      ]
     ],
     [
      [
       [
        -53.4655225567799,
        -24.98874782797947
       ],
       [
        -53.46549702079176,
        -24.988803595802597
       ],
       [
        -53.46528927105286,
        -24.98925729668154
       ],
       [
        -53.466263073561464,
        -24.98963038640041
       ],
       [
        -53.46649073183043,
        -24.989136593092127
       ],
       [
        -53.466521723765524,
        -24.989069370933052
       ],
       [
        -53.466448903172754,
        -24.989041483069638
       ],
       [
        -53.465985729488885,
        -24.98889465629443
       ],
       [
        -53.4655225567799,
        -24.98874782797947
       ]
      ]
     ],
     [
      [
       [
        -53.465353376206835,
        -24.98867665355394
       ],
       [
        -53.46443139923323,
        -24.988329460055407
       ],
       [
        -53.464240576544356,
        -24.98826591956981
       ],
       [
        -53.46348088917122,
        -24.987971754048214
       ],
       [
        -53.46346979622266,
        -24.987977222196665
       ],
       [
        -53.46336212088483,
        -24.988499655994364
       ],
       [
        -53.46332528042665,
        -24.988495055668157
       ],
       [
        -53.46324109734274,
        -24.988484543554357
       ],
       [
        -53.462915133735905,
        -24.98838066781693
       ],
       [
        -53.46282129780171,
        -24.98787088809064
       ],
       [
        -53.46271831423649,
        -24.987311406085272
       ],
       [
        -53.462704607227394,
        -24.98730238570257
       ],
       [
        -53.46241086304426,
        -24.987343901416796
       ],
       [
        -53.462117118601434,
        -24.987385416565406
       ],
       [
        -53.46204192069266,
        -24.98740565268389
       ],
       [
        -53.4619752255477,
        -24.987443225425714
       ],
       [
        -53.461900097076544,
        -24.987527892921335
       ],
       [
        -53.46180056022235,
        -24.987703787451153
       ],
       [
        -53.46142323502139,
        -24.98834878560449
       ],
       [
        -53.461124767271095,
        -24.988846503221232
       ],
       [
        -53.461012899989456,
        -24.98903213587119
       ],
       [
        -53.46090991662424,
        -24.9892030369252
       ],
       [
        -53.46071031220117,
        -24.989534279357702
       ],
       [
        -53.46042858176949,
        -24.989866056132367
       ],
       [
        -53.46014684984593,
        -24.990197832466315
       ],
       [
        -53.45990253427645,
        -24.99023523166853
       ],
       [
        -53.45952992218254,
        -24.990674026255725
       ],
       [
        -53.45915740463773,
        -24.991112705695645
       ],
       [
        -53.45918665255801,
        -24.99127838292896
       ],
       [
        -53.45920132535334,
        -24.991361164087582
       ],
       [
        -53.45949782759236,
        -24.99127781922616
       ],
       [
        -53.45956215751976,
        -24.991503531803588
       ],
       [
        -53.460177581865686,
        -24.991293881400626
       ],
       [
        -53.46025621890676,
        -24.991535192633158
       ],
       [
        -53.46070486640543,
        -24.991390556805605
       ],
       [
        -53.460838032929104,
        -24.99134762601494
       ],
       [
        -53.46112044888569,
        -24.991256579065148
       ],
       [
        -53.46151462717605,
        -24.990312678424516
       ],
       [
        -53.46174926833777,
        -24.98975079982015
       ],
       [
        -53.461761164919565,
        -24.98975485882986
       ],
       [
        -53.4617850322359,
        -24.989740143401566
       ],
       [
        -53.461797626880276,
        -24.98971014264073
       ],
       [
        -53.46233357820947,
        -24.989360536440646
       ],
       [
        -53.46254170719015,
        -24.9893789595495
       ],
       [
        -53.46303219134689,
        -24.98956883672901
       ],
       [
        -53.46301828930348,
        -24.989598696640048
       ],
       [
        -53.463576366088695,
        -24.98981061136555
       ],
       [
        -53.46401652230485,
        -24.9888584426596
       ],
       [
        -53.46401961573327,
        -24.98885243404855
       ],
       [
        -53.464023244630965,
        -24.988846642569225
       ],
       [
        -53.46402737893772,
        -24.988841126583402
       ],
       [
        -53.464031978621215,
        -24.988835939500518
       ],
       [
        -53.464036994950376,
        -24.988831128077702
       ],
       [
        -53.464051729693935,
        -24.988781690375717
       ],
       [
        -53.46511692572175,
        -24.989192997865583
       ],
       [
        -53.465353376206835,
        -24.98867665355394
       ]
      ]
     ]
    ],
    "type": "MultiPolygon"
   }
  },
  {
   "type": "Feature",
   "properties": {
    "nome": "Parque do Guarujá (Vitorino Sartori)",
    "ano": null,
    "status_ano": "incerto",
    "fonte_ano": "sem fonte oficial (verificado pelo autor)",
    "area_ha": 1.7,
    "na_area_estudo": true,
    "origem_geom": "GeoCascavel - Parques Ambientais (ctmgeo_22s:ParquesCascavel)"
   },
   "geometry": {
    "coordinates": [
     [
      [
       [
        -53.49019289655468,
        -24.98701172693017
       ],
       [
        -53.49018129639007,
        -24.987036217798916
       ],
       [
        -53.490176611655016,
        -24.98706493070267
       ],
       [
        -53.490175618174334,
        -24.98710008678582
       ],
       [
        -53.49018207913094,
        -24.987136655691224
       ],
       [
        -53.49018920544784,
        -24.987151623938466
       ],
       [
        -53.4902047525675,
        -24.987192017778078
       ],
       [
        -53.49022348841725,
        -24.98722838439409
       ],
       [
        -53.49024411371,
        -24.987260112873958
       ],
       [
        -53.49026501244751,
        -24.98728054515068
       ],
       [
        -53.49028914067713,
        -24.987299027199615
       ],
       [
        -53.49031287268694,
        -24.98731245711039
       ],
       [
        -53.49034186009432,
        -24.987326252065927
       ],
       [
        -53.49034596963231,
        -24.987354007037645
       ],
       [
        -53.49032227359,
        -24.98738782093718
       ],
       [
        -53.49029624073264,
        -24.987423660673763
       ],
       [
        -53.490284111176194,
        -24.987466588285812
       ],
       [
        -53.490286238623476,
        -24.98751948862188
       ],
       [
        -53.49029172670329,
        -24.98757712124604
       ],
       [
        -53.490302151703524,
        -24.987628981501718
       ],
       [
        -53.49031802274047,
        -24.98767578365863
       ],
       [
        -53.49032620818068,
        -24.98772957781314
       ],
       [
        -53.49032605530863,
        -24.987782335059165
       ],
       [
        -53.49032442769373,
        -24.987825541269068
       ],
       [
        -53.49031893585987,
        -24.98786863049
       ],
       [
        -53.490307151110095,
        -24.987913991431373
       ],
       [
        -53.49028965851522,
        -24.98796116277243
       ],
       [
        -53.49028137212404,
        -24.988008182386782
       ],
       [
        -53.49028030654619,
        -24.988049753325452
       ],
       [
        -53.49027321614166,
        -24.98808202888155
       ],
       [
        -53.49025904289475,
        -24.988121738172605
       ],
       [
        -53.490239518777095,
        -24.988161264649207
       ],
       [
        -53.49021286497027,
        -24.988190700943697
       ],
       [
        -53.4901834836823,
        -24.98822244051757
       ],
       [
        -53.49016204297977,
        -24.988255133233622
       ],
       [
        -53.490157746335235,
        -24.988268302391518
       ],
       [
        -53.490155591299,
        -24.988299773937054
       ],
       [
        -53.49015453960616,
        -24.988337008644507
       ],
       [
        -53.490153518036195,
        -24.988375778523636
       ],
       [
        -53.49015950008617,
        -24.988413168320285
       ],
       [
        -53.490167115880496,
        -24.98845811919271
       ],
       [
        -53.49017562058722,
        -24.988497906418175
       ],
       [
        -53.49018753482476,
        -24.988529778436988
       ],
       [
        -53.490198757383354,
        -24.988551634846445
       ],
       [
        -53.49020916319788,
        -24.98857224004006
       ],
       [
        -53.490211885120296,
        -24.988599927547593
       ],
       [
        -53.49022439838828,
        -24.988627002018728
       ],
       [
        -53.49023534577467,
        -24.988660064305197
       ],
       [
        -53.490226786664905,
        -24.988698235739413
       ],
       [
        -53.4901976683168,
        -24.988723195981215
       ],
       [
        -53.490164382915275,
        -24.988737655877006
       ],
       [
        -53.49015612379607,
        -24.988765885685677
       ],
       [
        -53.49016856365967,
        -24.988809402060166
       ],
       [
        -53.49017755451989,
        -24.988856075704767
       ],
       [
        -53.49067696306456,
        -24.988786673069107
       ],
       [
        -53.490632604634165,
        -24.98852077122048
       ],
       [
        -53.490610229575516,
        -24.98838664574776
       ],
       [
        -53.49050087754081,
        -24.988401817622524
       ],
       [
        -53.4904651863033,
        -24.988187516638188
       ],
       [
        -53.490572859024766,
        -24.988172577777
       ],
       [
        -53.49068053170299,
        -24.98815763883091
       ],
       [
        -53.49064528405902,
        -24.98794327632542
       ],
       [
        -53.49062726804925,
        -24.987833709487678
       ],
       [
        -53.4905920205963,
        -24.98761934666777
       ],
       [
        -53.4906997634456,
        -24.987604838254757
       ],
       [
        -53.49066510190206,
        -24.98739039655647
       ],
       [
        -53.490644029983926,
        -24.987260029730773
       ],
       [
        -53.49075254815152,
        -24.987245416858066
       ],
       [
        -53.49071589188611,
        -24.9870312516728
       ],
       [
        -53.49067916298366,
        -24.986817198308767
       ],
       [
        -53.490664323822436,
        -24.986707642541877
       ],
       [
        -53.49062901856349,
        -24.98649341091413
       ],
       [
        -53.49073669610549,
        -24.98647871038826
       ],
       [
        -53.49083573647511,
        -24.986465188967415
       ],
       [
        -53.490800357912946,
        -24.986249924076755
       ],
       [
        -53.49078578393556,
        -24.98614157330484
       ],
       [
        -53.490859585805545,
        -24.986134203495173
       ],
       [
        -53.49081966396766,
        -24.985877717782497
       ],
       [
        -53.49119401499681,
        -24.985824950005362
       ],
       [
        -53.49119401499681,
        -24.985824950005362
       ],
       [
        -53.491150070169965,
        -24.985532710507165
       ],
       [
        -53.491427613294306,
        -24.985501957876338
       ],
       [
        -53.49142600740143,
        -24.985051597722492
       ],
       [
        -53.49103932851155,
        -24.98506456528236
       ],
       [
        -53.49100960670781,
        -24.985297653332598
       ],
       [
        -53.490815231264406,
        -24.98565516206165
       ],
       [
        -53.49076393843486,
        -24.985689213045283
       ],
       [
        -53.490715388901016,
        -24.985716900470184
       ],
       [
        -53.490665323325615,
        -24.985738112761908
       ],
       [
        -53.490617900932754,
        -24.985757837873617
       ],
       [
        -53.490573406665995,
        -24.985780404309992
       ],
       [
        -53.49053584461148,
        -24.985808004074684
       ],
       [
        -53.490509349337906,
        -24.985849326747076
       ],
       [
        -53.4904949864604,
        -24.985893341749303
       ],
       [
        -53.490489860471584,
        -24.985938832136913
       ],
       [
        -53.49048260717702,
        -24.98598191958603
       ],
       [
        -53.49047224774333,
        -24.986023161579787
       ],
       [
        -53.49046411094506,
        -24.98606662442163
       ],
       [
        -53.49045690588646,
        -24.986107183437912
       ],
       [
        -53.49044684382433,
        -24.986138580847868
       ],
       [
        -53.49044513614167,
        -24.986152149463614
       ],
       [
        -53.49044391166829,
        -24.986199652968192
       ],
       [
        -53.49044110938295,
        -24.98622280826991
       ],
       [
        -53.49042910279072,
        -24.986246112568157
       ],
       [
        -53.49040747244841,
        -24.986268399106994
       ],
       [
        -53.49038045121654,
        -24.98629339082987
       ],
       [
        -53.490349559229664,
        -24.986317903569393
       ],
       [
        -53.490318077693196,
        -24.986347571426453
       ],
       [
        -53.49030008043043,
        -24.986383159562838
       ],
       [
        -53.490295509482074,
        -24.986421780206147
       ],
       [
        -53.49029254629229,
        -24.986466513385622
       ],
       [
        -53.490288671281405,
        -24.98651514307797
       ],
       [
        -53.49027677596119,
        -24.986563722054154
       ],
       [
        -53.49025765868641,
        -24.98660763345431
       ],
       [
        -53.49023285655979,
        -24.98664947032238
       ],
       [
        -53.49020606707719,
        -24.986686013236284
       ],
       [
        -53.4901918222633,
        -24.986726054287942
       ],
       [
        -53.49018673897176,
        -24.986768745508755
       ],
       [
        -53.49018485240738,
        -24.98680869956505
       ],
       [
        -53.49019043660797,
        -24.986846005595797
       ],
       [
        -53.49020445426436,
        -24.986879107634838
       ],
       [
        -53.49020913160883,
        -24.98691561559752
       ],
       [
        -53.49020897081648,
        -24.986952835627147
       ],
       [
        -53.49020558891539,
        -24.986982340067158
       ],
       [
        -53.49020287378978,
        -24.986995141920854
       ],
       [
        -53.49019289655468,
        -24.98701172693017
       ]
      ]
     ]
    ],
    "type": "MultiPolygon"
   }
  },
  {
   "type": "Feature",
   "properties": {
    "nome": "Ecopark Oeste",
    "ano": 2020,
    "status_ano": "provável",
    "fonte_ano": "1ª fase inaugurada em 2020 (imprensa citando a Prefeitura; confirmado pelo autor)",
    "area_ha": 37.2,
    "na_area_estudo": true,
    "origem_geom": "GeoCascavel - Parques Ambientais (ctmgeo_22s:ParquesCascavel)"
   },
   "geometry": {
    "coordinates": [
     [
      [
       [
        -53.49907202282165,
        -24.953235293789426
       ],
       [
        -53.49889452541727,
        -24.953247851984795
       ],
       [
        -53.498621398830124,
        -24.95326669130001
       ],
       [
        -53.49857192544018,
        -24.953281776654872
       ],
       [
        -53.498326020850534,
        -24.953918748691144
       ],
       [
        -53.498313652515336,
        -24.953956674280843
       ],
       [
        -53.498314643439855,
        -24.954005750952078
       ],
       [
        -53.498319255073596,
        -24.95407045995606
       ],
       [
        -53.49832358781704,
        -24.954138684780435
       ],
       [
        -53.49833926893072,
        -24.954373036077833
       ],
       [
        -53.4983565299939,
        -24.95464610613525
       ],
       [
        -53.498356159857416,
        -24.954744206787826
       ],
       [
        -53.498350108601436,
        -24.954769753036345
       ],
       [
        -53.49833445171881,
        -24.954807434467646
       ],
       [
        -53.49831147152949,
        -24.95483004143545
       ],
       [
        -53.49826898598988,
        -24.95485949197548
       ],
       [
        -53.49821313864069,
        -24.954877671721114
       ],
       [
        -53.49815020959785,
        -24.954881294978705
       ],
       [
        -53.498114192813986,
        -24.954857730955368
       ],
       [
        -53.49694171389078,
        -24.95461586441195
       ],
       [
        -53.496745908630764,
        -24.954605594807994
       ],
       [
        -53.49636788969323,
        -24.954587406442563
       ],
       [
        -53.495927015227686,
        -24.95456790135786
       ],
       [
        -53.49582043413085,
        -24.954564235728824
       ],
       [
        -53.495620768935396,
        -24.954586277212297
       ],
       [
        -53.495519916409876,
        -24.954600753875237
       ],
       [
        -53.494913746471994,
        -24.954633438345102
       ],
       [
        -53.49470882735889,
        -24.954645764086695
       ],
       [
        -53.49472052110768,
        -24.955239027283476
       ],
       [
        -53.49481103260662,
        -24.95522765349973
       ],
       [
        -53.49492871547864,
        -24.955212865238227
       ],
       [
        -53.49532647256113,
        -24.955162881616456
       ],
       [
        -53.49532745589276,
        -24.954985203120675
       ],
       [
        -53.495446241296705,
        -24.954985702400183
       ],
       [
        -53.49556502669256,
        -24.954986201575714
       ],
       [
        -53.49568381207078,
        -24.954986700665497
       ],
       [
        -53.495802597451,
        -24.954987199660167
       ],
       [
        -53.49592138282312,
        -24.954987698550852
       ],
       [
        -53.49605682992796,
        -24.954987917986024
       ],
       [
        -53.49605641761263,
        -24.955069535694626
       ],
       [
        -53.49615850431703,
        -24.95506996427746
       ],
       [
        -53.496277289733854,
        -24.955070462886795
       ],
       [
        -53.4963960751525,
        -24.955070961391975
       ],
       [
        -53.4965148605634,
        -24.95507145981124
       ],
       [
        -53.49663364595631,
        -24.955071958126698
       ],
       [
        -53.49675243135139,
        -24.95507245635607
       ],
       [
        -53.49687121673854,
        -24.955072954490486
       ],
       [
        -53.49699000210772,
        -24.95507345252111
       ],
       [
        -53.49710878747904,
        -24.955073950465632
       ],
       [
        -53.49722757284227,
        -24.955074448306185
       ],
       [
        -53.49734635818787,
        -24.955074946060986
       ],
       [
        -53.49734581010393,
        -24.955174273808613
       ],
       [
        -53.49746459554704,
        -24.955174771461305
       ],
       [
        -53.497583380972316,
        -24.95517526901922
       ],
       [
        -53.49770216639941,
        -24.955175766472994
       ],
       [
        -53.49782095181875,
        -24.95517626384084
       ],
       [
        -53.49793973722009,
        -24.955176761104894
       ],
       [
        -53.49794062707546,
        -24.95549164100559
       ],
       [
        -53.49824092371434,
        -24.955488601346815
       ],
       [
        -53.49829541444216,
        -24.95547152200621
       ],
       [
        -53.498325852505324,
        -24.955456612469316
       ],
       [
        -53.498967172216794,
        -24.95532588432919
       ],
       [
        -53.49886215486375,
        -24.95486813522375
       ],
       [
        -53.49883618020899,
        -24.954762408733252
       ],
       [
        -53.49881020561661,
        -24.954656682233225
       ],
       [
        -53.4987842310668,
        -24.95455095572402
       ],
       [
        -53.49875071977788,
        -24.954449476953233
       ],
       [
        -53.49872452156979,
        -24.954349313160648
       ],
       [
        -53.498697080488476,
        -24.95424213670352
       ],
       [
        -53.49868012226265,
        -24.95417390775231
       ],
       [
        -53.49869712934192,
        -24.95410992076168
       ],
       [
        -53.498965280474934,
        -24.954069688936357
       ],
       [
        -53.49893930596535,
        -24.95396396244743
       ],
       [
        -53.49891333150826,
        -24.953858235949152
       ],
       [
        -53.49888735711353,
        -24.95375250944134
       ],
       [
        -53.49918196238229,
        -24.95369217011585
       ],
       [
        -53.499074984659295,
        -24.95325672853275
       ],
       [
        -53.49907202282165,
        -24.953235293789426
       ]
      ]
     ],
     [
      [
       [
        -53.49817009127821,
        -24.955618994034605
       ],
       [
        -53.49755561244379,
        -24.955622048546637
       ],
       [
        -53.49750993389599,
        -24.955649501455653
       ],
       [
        -53.49715570086156,
        -24.957775528809723
       ],
       [
        -53.49736203458594,
        -24.957699066819778
       ],
       [
        -53.49752081029303,
        -24.95765549979959
       ],
       [
        -53.49774021183815,
        -24.95760198977941
       ],
       [
        -53.49780781231068,
        -24.957590898583515
       ],
       [
        -53.498902584890196,
        -24.95737286436989
       ],
       [
        -53.49870188144725,
        -24.956521644363185
       ],
       [
        -53.49878308208865,
        -24.956396016425447
       ],
       [
        -53.49979053287556,
        -24.956167806492868
       ],
       [
        -53.499595434854676,
        -24.95537513055876
       ],
       [
        -53.49827222528643,
        -24.955645982653692
       ],
       [
        -53.49817009127821,
        -24.955618994034605
       ]
      ]
     ],
     [
      [
       [
        -53.49785198002786,
        -24.957954286673548
       ],
       [
        -53.49781009743016,
        -24.95776517176929
       ],
       [
        -53.497735403383196,
        -24.957780144711684
       ],
       [
        -53.49763724601267,
        -24.957799770902287
       ],
       [
        -53.4974943283649,
        -24.957850479298592
       ],
       [
        -53.49744762918804,
        -24.957867023122684
       ],
       [
        -53.49734749724389,
        -24.95790253951171
       ],
       [
        -53.49728503592827,
        -24.957926299624525
       ],
       [
        -53.4970866677507,
        -24.958013533499823
       ],
       [
        -53.496568951253685,
        -24.960886393857166
       ],
       [
        -53.496596930281136,
        -24.96088071186708
       ],
       [
        -53.496782484740855,
        -24.960842875822664
       ],
       [
        -53.49685453233826,
        -24.96082819248611
       ],
       [
        -53.49736008616704,
        -24.96072515925243
       ],
       [
        -53.497514219489375,
        -24.96069374609887
       ],
       [
        -53.497627301422405,
        -24.96067069931378
       ],
       [
        -53.49766594954629,
        -24.960662822565432
       ],
       [
        -53.49845073135971,
        -24.960502757674377
       ],
       [
        -53.498286819208005,
        -24.95982397178064
       ],
       [
        -53.498098015988944,
        -24.95904322341672
       ],
       [
        -53.497983258371356,
        -24.958538398133662
       ],
       [
        -53.497912252615436,
        -24.958224869730252
       ],
       [
        -53.49785198002786,
        -24.957954286673548
       ]
      ]
     ],
     [
      [
       [
        -53.49382647335601,
        -24.962880004832286
       ],
       [
        -53.493839345168446,
        -24.96305597339905
       ],
       [
        -53.49402064292508,
        -24.963054889417066
       ],
       [
        -53.49409363801089,
        -24.963070167903307
       ],
       [
        -53.49437315261862,
        -24.96313497901914
       ],
       [
        -53.494515416693005,
        -24.96322541468732
       ],
       [
        -53.49491452670508,
        -24.963325036505218
       ],
       [
        -53.49492928830548,
        -24.96332857654477
       ],
       [
        -53.49500942711715,
        -24.96336073310369
       ],
       [
        -53.49520254849047,
        -24.963405552297445
       ],
       [
        -53.4952667457954,
        -24.963463593083322
       ],
       [
        -53.49516682704592,
        -24.963636731227588
       ],
       [
        -53.4950823344326,
        -24.963742554451983
       ],
       [
        -53.49499784166865,
        -24.9638483776384
       ],
       [
        -53.49482888154339,
        -24.964236043987743
       ],
       [
        -53.49492636574808,
        -24.964414194343394
       ],
       [
        -53.4949083588036,
        -24.964567342049843
       ],
       [
        -53.49478674302945,
        -24.96472291229384
       ],
       [
        -53.49471796143713,
        -24.965135801601694
       ],
       [
        -53.4946498240209,
        -24.965211285446554
       ],
       [
        -53.49465184408448,
        -24.9653726251982
       ],
       [
        -53.494619408445544,
        -24.96545715237836
       ],
       [
        -53.49462799594473,
        -24.965634662926572
       ],
       [
        -53.49456960104323,
        -24.965697610964284
       ],
       [
        -53.494567404585,
        -24.965833254605815
       ],
       [
        -53.49436318916056,
        -24.966131891441865
       ],
       [
        -53.49441291859751,
        -24.96655840171872
       ],
       [
        -53.49432606255732,
        -24.966773992735945
       ],
       [
        -53.49420939055441,
        -24.967199638572712
       ],
       [
        -53.49419235293184,
        -24.96722275402503
       ],
       [
        -53.49417745785048,
        -24.967238626002022
       ],
       [
        -53.49417240955036,
        -24.96731189093617
       ],
       [
        -53.49415629413641,
        -24.967312304771145
       ],
       [
        -53.494156293034784,
        -24.96731232525965
       ],
       [
        -53.49394310989525,
        -24.967317779031234
       ],
       [
        -53.49392919623461,
        -24.967828411590403
       ],
       [
        -53.49383749498713,
        -24.96784719545094
       ],
       [
        -53.4938360612932,
        -24.967882092727116
       ],
       [
        -53.49381067011042,
        -24.968113912158916
       ],
       [
        -53.49378114645944,
        -24.96831843358654
       ],
       [
        -53.49352783841631,
        -24.96889277822013
       ],
       [
        -53.49387834517254,
        -24.968819478986326
       ],
       [
        -53.49401257760086,
        -24.96873430127775
       ],
       [
        -53.494149071201534,
        -24.968651298758736
       ],
       [
        -53.49413256134977,
        -24.968479119266217
       ],
       [
        -53.49408957915651,
        -24.968353723375305
       ],
       [
        -53.494106003400404,
        -24.968142487067503
       ],
       [
        -53.49413100296663,
        -24.967786516165027
       ],
       [
        -53.4941495472384,
        -24.967438816730116
       ],
       [
        -53.49422274815147,
        -24.967434699945763
       ],
       [
        -53.49431642623278,
        -24.967445698949387
       ],
       [
        -53.49432474098107,
        -24.967281480106692
       ],
       [
        -53.494327231707196,
        -24.967266741994976
       ],
       [
        -53.4945204429922,
        -24.96645535844838
       ],
       [
        -53.49471540590717,
        -24.965640010376447
       ],
       [
        -53.49490999826583,
        -24.96482417246103
       ],
       [
        -53.49509813886199,
        -24.96431524359059
       ],
       [
        -53.49512966871106,
        -24.964251769168477
       ],
       [
        -53.49516794059403,
        -24.96418269792254
       ],
       [
        -53.495238427011955,
        -24.96407084251944
       ],
       [
        -53.49529840709013,
        -24.96397565952399
       ],
       [
        -53.495383866102024,
        -24.96384004347826
       ],
       [
        -53.495440039044986,
        -24.96375090170855
       ],
       [
        -53.49563705515436,
        -24.963433061893024
       ],
       [
        -53.49511511042559,
        -24.96288344798838
       ],
       [
        -53.49500645768148,
        -24.962857569284402
       ],
       [
        -53.494928746405876,
        -24.96313476299899
       ],
       [
        -53.49382647335601,
        -24.962880004832286
       ]
      ]
     ],
     [
      [
       [
        -53.4928648593788,
        -24.97043010273234
       ],
       [
        -53.492963968526,
        -24.97041344768531
       ],
       [
        -53.49323697649515,
        -24.970300603809957
       ],
       [
        -53.493300497954486,
        -24.970184270849074
       ],
       [
        -53.4933593814062,
        -24.97018287802882
       ],
       [
        -53.493472073667284,
        -24.970075091153653
       ],
       [
        -53.49352831285164,
        -24.970060716545046
       ],
       [
        -53.49355589993902,
        -24.970005336346855
       ],
       [
        -53.49367276046397,
        -24.969947994426235
       ],
       [
        -53.4937087076218,
        -24.969809137913696
       ],
       [
        -53.493747661848545,
        -24.969714800649232
       ],
       [
        -53.49367448109497,
        -24.969569671759935
       ],
       [
        -53.49372239081344,
        -24.969490805892548
       ],
       [
        -53.49380996576,
        -24.96939103014844
       ],
       [
        -53.49374388643644,
        -24.96920669492958
       ],
       [
        -53.493823550612206,
        -24.969013548795875
       ],
       [
        -53.493345481539095,
        -24.969114374967095
       ],
       [
        -53.49334548092891,
        -24.9691143761326
       ],
       [
        -53.49325143802489,
        -24.969295014459075
       ],
       [
        -53.493257377027454,
        -24.969383457788698
       ],
       [
        -53.49331739894531,
        -24.969461682317455
       ],
       [
        -53.49338406868965,
        -24.969488892013533
       ],
       [
        -53.49334189491514,
        -24.969558316803713
       ],
       [
        -53.493390751390365,
        -24.969655206469763
       ],
       [
        -53.49334051052185,
        -24.96974763819133
       ],
       [
        -53.49317339733549,
        -24.969788873754702
       ],
       [
        -53.49306274787757,
        -24.969829097230544
       ],
       [
        -53.49291862138289,
        -24.97007854682986
       ],
       [
        -53.49279100017462,
        -24.970162702224798
       ],
       [
        -53.49260988516377,
        -24.970166243511567
       ],
       [
        -53.49260988503527,
        -24.97016624352275
       ],
       [
        -53.492347929856294,
        -24.970211643768334
       ],
       [
        -53.492323419268814,
        -24.970250627006028
       ],
       [
        -53.49218242688332,
        -24.97054219515565
       ],
       [
        -53.49213975101061,
        -24.970585725599502
       ],
       [
        -53.49211863578093,
        -24.970637797765075
       ],
       [
        -53.492072795535194,
        -24.97077764623113
       ],
       [
        -53.49207171127481,
        -24.970799808981976
       ],
       [
        -53.49209944471645,
        -24.97086818669468
       ],
       [
        -53.4921301019659,
        -24.97102377537835
       ],
       [
        -53.49214517128345,
        -24.97105159258108
       ],
       [
        -53.492141471991744,
        -24.9711915828186
       ],
       [
        -53.49209757166422,
        -24.971273361596605
       ],
       [
        -53.4920546765417,
        -24.97130738346683
       ],
       [
        -53.49202982466579,
        -24.97132626163175
       ],
       [
        -53.4919976343146,
        -24.971339051193635
       ],
       [
        -53.49193656035057,
        -24.97133710371895
       ],
       [
        -53.49185513565528,
        -24.971366832089856
       ],
       [
        -53.49182006030742,
        -24.97140557699492
       ],
       [
        -53.49180097155776,
        -24.971450839613713
       ],
       [
        -53.49178933311974,
        -24.9715209088621
       ],
       [
        -53.49176372551756,
        -24.97156326429229
       ],
       [
        -53.49147173352037,
        -24.971623172958143
       ],
       [
        -53.491440875275316,
        -24.971893301342686
       ],
       [
        -53.49142089145941,
        -24.971906834989436
       ],
       [
        -53.49136552968488,
        -24.971993295736613
       ],
       [
        -53.4912376281184,
        -24.972372023027194
       ],
       [
        -53.49116702004954,
        -24.97250272553772
       ],
       [
        -53.49140571647203,
        -24.972671604814273
       ],
       [
        -53.491718803337584,
        -24.972893027250397
       ],
       [
        -53.4918967581886,
        -24.972684040968403
       ],
       [
        -53.4919462734481,
        -24.972556215527103
       ],
       [
        -53.49192340086726,
        -24.972477720336
       ],
       [
        -53.49186504990206,
        -24.972416290213033
       ],
       [
        -53.4919068296009,
        -24.972286526356683
       ],
       [
        -53.49202507239758,
        -24.972158955920406
       ],
       [
        -53.49204384502834,
        -24.97208317747267
       ],
       [
        -53.49237721935768,
        -24.97190034087521
       ],
       [
        -53.49267939596356,
        -24.971518215917456
       ],
       [
        -53.49274926579327,
        -24.971301791400478
       ],
       [
        -53.49275563775059,
        -24.97105498729494
       ],
       [
        -53.49243692110555,
        -24.971124289121686
       ],
       [
        -53.49244619108387,
        -24.970773501573227
       ],
       [
        -53.49244608597058,
        -24.970773508956892
       ],
       [
        -53.492445460339894,
        -24.970680402332697
       ],
       [
        -53.492527062547495,
        -24.97050053489945
       ],
       [
        -53.492615265353045,
        -24.970455362952137
       ],
       [
        -53.4928648593788,
        -24.97043010273234
       ]
      ]
     ],
     [
      [
       [
        -53.49932290328793,
        -24.946475936224093
       ],
       [
        -53.499278747919675,
        -24.94692658037927
       ],
       [
        -53.49918247902808,
        -24.947191488054603
       ],
       [
        -53.49895373482245,
        -24.947650319733643
       ],
       [
        -53.49902405744451,
        -24.947963761800846
       ],
       [
        -53.499039683875644,
        -24.948255648729532
       ],
       [
        -53.49958506070663,
        -24.94849330177876
       ],
       [
        -53.4996861274532,
        -24.948490588656952
       ],
       [
        -53.500656765342626,
        -24.948435572789098
       ],
       [
        -53.500739145179374,
        -24.94839829541525
       ],
       [
        -53.500814222194705,
        -24.948345740892666
       ],
       [
        -53.50087711519826,
        -24.948280118006153
       ],
       [
        -53.50092416982323,
        -24.948205239768043
       ],
       [
        -53.50095363992959,
        -24.948125812421708
       ],
       [
        -53.50210847412993,
        -24.94444816392888
       ],
       [
        -53.50226779278428,
        -24.9442110266878
       ],
       [
        -53.50239243028309,
        -24.944071246971493
       ],
       [
        -53.50253253645938,
        -24.943977171305534
       ],
       [
        -53.5017394865514,
        -24.943359968573148
       ],
       [
        -53.50021471358908,
        -24.94216934299306
       ],
       [
        -53.50006241485165,
        -24.942453497023187
       ],
       [
        -53.5000310285161,
        -24.942994246687324
       ],
       [
        -53.50079181027344,
        -24.9433192271474
       ],
       [
        -53.50043975155759,
        -24.944231846944373
       ],
       [
        -53.500325176271645,
        -24.94433196899127
       ],
       [
        -53.50025214281046,
        -24.944356510500064
       ],
       [
        -53.50025381080917,
        -24.944848666811893
       ],
       [
        -53.500327944788374,
        -24.94495734550207
       ],
       [
        -53.50035303592368,
        -24.94536444424161
       ],
       [
        -53.500362215768504,
        -24.945531604081634
       ],
       [
        -53.500391008803504,
        -24.945615510678923
       ],
       [
        -53.5003700021346,
        -24.945811647162333
       ],
       [
        -53.5003453441904,
        -24.945895059008993
       ],
       [
        -53.50027066722959,
        -24.94600487887163
       ],
       [
        -53.50025082475461,
        -24.94605609921418
       ],
       [
        -53.50023198135637,
        -24.94604622774373
       ],
       [
        -53.49962784444955,
        -24.94579444990558
       ],
       [
        -53.49960481415227,
        -24.945943245545124
       ],
       [
        -53.49961075425777,
        -24.945987551028814
       ],
       [
        -53.49932290328793,
        -24.946475936224093
       ]
      ]
     ],
     [
      [
       [
        -53.499850300618554,
        -24.949461311155385
       ],
       [
        -53.50007353440586,
        -24.950129338997705
       ],
       [
        -53.500074397065475,
        -24.95038627012867
       ],
       [
        -53.49998786939877,
        -24.9506999482363
       ],
       [
        -53.499802166894476,
        -24.95109261362516
       ],
       [
        -53.499680794704766,
        -24.951050034712488
       ],
       [
        -53.49901919489452,
        -24.952161151105287
       ],
       [
        -53.49867374247484,
        -24.95296424135589
       ],
       [
        -53.49895892780576,
        -24.95300365838141
       ],
       [
        -53.49912171890125,
        -24.952997561042782
       ],
       [
        -53.49921745859488,
        -24.952961438867437
       ],
       [
        -53.5013665405107,
        -24.95284779874977
       ],
       [
        -53.50131452619029,
        -24.952570880295543
       ],
       [
        -53.50182976615035,
        -24.952357775836806
       ],
       [
        -53.50195877814635,
        -24.952019475066404
       ],
       [
        -53.5020424585248,
        -24.951797790609888
       ],
       [
        -53.50158669139664,
        -24.95163154043878
       ],
       [
        -53.500413128928116,
        -24.951267676352245
       ],
       [
        -53.500579418847025,
        -24.950798257095343
       ],
       [
        -53.50077319376985,
        -24.95015782679383
       ],
       [
        -53.50052008167289,
        -24.95007815778884
       ],
       [
        -53.50047419656701,
        -24.95004914050833
       ],
       [
        -53.50085169690492,
        -24.94879682541012
       ],
       [
        -53.50080434099432,
        -24.948757169757716
       ],
       [
        -53.500749832278224,
        -24.948724074668334
       ],
       [
        -53.500689939398434,
        -24.948699021193804
       ],
       [
        -53.50062687177584,
        -24.948682933544628
       ],
       [
        -53.50056301433813,
        -24.94867606813635
       ],
       [
        -53.49970722610467,
        -24.94872519500028
       ],
       [
        -53.499776598707996,
        -24.94911401072468
       ],
       [
        -53.49982319759509,
        -24.949179339176915
       ],
       [
        -53.499850300618554,
        -24.949461311155385
       ]
      ]
     ],
     [
      [
       [
        -53.49680181419616,
        -24.96187888478741
       ],
       [
        -53.49778475582738,
        -24.96167622863967
       ],
       [
        -53.49787206795565,
        -24.962027944710666
       ],
       [
        -53.49801866249229,
        -24.962618460306476
       ],
       [
        -53.49805423221191,
        -24.96261101664759
       ],
       [
        -53.49816337007451,
        -24.96258817735763
       ],
       [
        -53.498932197902825,
        -24.962429859350518
       ],
       [
        -53.49883757215308,
        -24.962050800461753
       ],
       [
        -53.49867454445541,
        -24.961398485627765
       ],
       [
        -53.49849606042018,
        -24.960677393100543
       ],
       [
        -53.49738837896004,
        -24.960904191478416
       ],
       [
        -53.49724856938475,
        -24.960932723913583
       ],
       [
        -53.49667548506434,
        -24.96104967646579
       ],
       [
        -53.49666388910856,
        -24.961085939644835
       ],
       [
        -53.49665854768802,
        -24.961100220347255
       ],
       [
        -53.496651775546255,
        -24.961114089086017
       ],
       [
        -53.49664363855308,
        -24.961127369831246
       ],
       [
        -53.496634236581656,
        -24.96113989953001
       ],
       [
        -53.496623699524115,
        -24.961151534752922
       ],
       [
        -53.49659753414934,
        -24.961177916216073
       ],
       [
        -53.49670862358268,
        -24.96160689145628
       ],
       [
        -53.4967383134887,
        -24.961721655648784
       ],
       [
        -53.4967801378397,
        -24.9618833242636
       ],
       [
        -53.49680181419616,
        -24.96187888478741
       ]
      ]
     ],
     [
      [
       [
        -53.49644878958934,
        -24.96139678797181
       ],
       [
        -53.49641756083878,
        -24.961276073830415
       ],
       [
        -53.496403411913555,
        -24.961221381371324
       ],
       [
        -53.49635781759612,
        -24.96137805637048
       ],
       [
        -53.49634482003808,
        -24.961422719602062
       ],
       [
        -53.49629928166461,
        -24.96157724849492
       ],
       [
        -53.496177120689744,
        -24.9620078620873
       ],
       [
        -53.49611312299352,
        -24.962233450926465
       ],
       [
        -53.4960292496016,
        -24.962330068045336
       ],
       [
        -53.49580255131233,
        -24.962589542815213
       ],
       [
        -53.49570547289328,
        -24.962696093484734
       ],
       [
        -53.49568324883481,
        -24.962718324736542
       ],
       [
        -53.495658718685156,
        -24.962738727486762
       ],
       [
        -53.495632168486175,
        -24.962757015610343
       ],
       [
        -53.49560393852096,
        -24.96277295471006
       ],
       [
        -53.495574408852114,
        -24.96278637209762
       ],
       [
        -53.495544039269035,
        -24.96279929659586
       ],
       [
        -53.49537893992965,
        -24.962863582694652
       ],
       [
        -53.49544916539182,
        -24.962939107184255
       ],
       [
        -53.49549491610175,
        -24.96299096305894
       ],
       [
        -53.49563375649992,
        -24.963089933341895
       ],
       [
        -53.49573246157776,
        -24.963093693307002
       ],
       [
        -53.4959957179556,
        -24.963037257738943
       ],
       [
        -53.495962285722186,
        -24.96291109276701
       ],
       [
        -53.49595193599146,
        -24.962842451917005
       ],
       [
        -53.49595490653716,
        -24.96277158697003
       ],
       [
        -53.495971690167856,
        -24.962701766427433
       ],
       [
        -53.496001500142896,
        -24.96263626300655
       ],
       [
        -53.49604238941769,
        -24.96257785781603
       ],
       [
        -53.49658835393268,
        -24.96192824010351
       ],
       [
        -53.496578941013105,
        -24.961891855075553
       ],
       [
        -53.496550820323,
        -24.961783158300438
       ],
       [
        -53.49644878958934,
        -24.96139678797181
       ]
      ]
     ]
    ],
    "type": "MultiPolygon"
   }
  },
  {
   "type": "Feature",
   "properties": {
    "nome": "Parque Ecológico Paulo Gorski",
    "ano": 1977,
    "status_ano": "confirmado",
    "fonte_ano": "inauguração 14/11/1977 (tabela do autor)",
    "area_ha": 179.7,
    "na_area_estudo": true,
    "origem_geom": "território completo (lago + parque + área militar) — pauloGorski_LagoMunicipal"
   },
   "geometry": {
    "coordinates": [
     [
      [
       -53.4448547321458,
       -24.955549736629692
      ],
      [
       -53.444600378665946,
       -24.955873830931772
      ],
      [
       -53.44416041588999,
       -24.95559959734708
      ],
      [
       -53.4429573926745,
       -24.957407034719115
      ],
      [
       -53.44275116012328,
       -24.957344709734222
      ],
      [
       -53.44243493687807,
       -24.95760024197179
      ],
      [
       -53.44148626714242,
       -24.956902201434154
      ],
      [
       -53.43913521605842,
       -24.95571178388737
      ],
      [
       -53.43889461141533,
       -24.95609820341037
      ],
      [
       -53.43895476257611,
       -24.95616520344621
      ],
      [
       -53.438810399790256,
       -24.956938038433147
      ],
      [
       -53.437143353334505,
       -24.95740391847063
      ],
      [
       -53.43660714870135,
       -24.956316342928087
      ],
      [
       -53.43654184172677,
       -24.956067040590558
      ],
      [
       -53.436730888232056,
       -24.955830202902334
      ],
      [
       -53.436651832420765,
       -24.955531038855458
      ],
      [
       -53.43641810219606,
       -24.955593364758506
      ],
      [
       -53.4362462417367,
       -24.955811505170697
      ],
      [
       -53.43604516499923,
       -24.955428201046463
      ],
      [
       -53.435933455700656,
       -24.955200711042597
      ],
      [
       -53.43575472082292,
       -24.955082291422173
      ],
      [
       -53.43526319990917,
       -24.954339049888056
      ],
      [
       -53.43518070688869,
       -24.953890298110373
      ],
      [
       -53.4353044464194,
       -24.95358178031448
      ],
      [
       -53.43522882781729,
       -24.953217167377268
      ],
      [
       -53.43523570223566,
       -24.952983440567596
      ],
      [
       -53.43534225572047,
       -24.952821389719134
      ],
      [
       -53.4346410650463,
       -24.952400679790063
      ],
      [
       -53.434537948770696,
       -24.95233835227092
      ],
      [
       -53.433917532512396,
       -24.952344585024257
      ],
      [
       -53.43385050693325,
       -24.95301616234765
      ],
      [
       -53.43383332088731,
       -24.953496080789545
      ],
      [
       -53.4334861627594,
       -24.954337491724985
      ],
      [
       -53.433513660432915,
       -24.95445902838486
      ],
      [
       -53.43350334880535,
       -24.954832986585846
      ],
      [
       -53.43344835345836,
       -24.955250571901324
      ],
      [
       -53.43324212090714,
       -24.955957970659153
      ],
      [
       -53.43290871161597,
       -24.956384900982407
      ],
      [
       -53.43286059068736,
       -24.9564877379923
      ],
      [
       -53.43278497208524,
       -24.956892852650103
      ],
      [
       -53.43270247906476,
       -24.957048665625074
      ],
      [
       -53.432461874421676,
       -24.957148385825565
      ],
      [
       -53.43216627443157,
       -24.957241873440164
      ],
      [
       -53.431808804676116,
       -24.95737275598134
      ],
      [
       -53.43119010702243,
       -24.957478708412747
      ],
      [
       -53.43033080472565,
       -24.95757219577651
      ],
      [
       -53.42988396753134,
       -24.95761582318863
      ],
      [
       -53.42907278616316,
       -24.95774047285238
      ],
      [
       -53.428983418724314,
       -24.95858185478139
      ],
      [
       -53.429045288489675,
       -24.95876882776246
      ],
      [
       -53.429114032673404,
       -24.95881868717611
      ],
      [
       -53.42970523265359,
       -24.958482135742045
      ],
      [
       -53.42994583729668,
       -24.95836995172622
      ],
      [
       -53.43046829309314,
       -24.958245302699854
      ],
      [
       -53.430653902389246,
       -24.958207907967328
      ],
      [
       -53.4326681069729,
       -24.958176745681545
      ],
      [
       -53.43397424646399,
       -24.958120653547265
      ],
      [
       -53.434269846454065,
       -24.95859743587399
      ],
      [
       -53.43424578598975,
       -24.959149005281514
      ],
      [
       -53.43420110227033,
       -24.960295763144746
      ],
      [
       -53.4339158139078,
       -24.960305111670365
      ],
      [
       -53.43386769297918,
       -24.96143316188546
      ],
      [
       -53.43385738135163,
       -24.961483020219934
      ],
      [
       -53.432630297671835,
       -24.961551575396868
      ],
      [
       -53.432135339548864,
       -24.964935660756602
      ],
      [
       -53.43240344186548,
       -24.9654030685479
      ],
      [
       -53.43263717209022,
       -24.965502781980287
      ],
      [
       -53.4329052744068,
       -24.965496549893132
      ],
      [
       -53.43306338602942,
       -24.96542176482262
      ],
      [
       -53.43335211160113,
       -24.96532205132459
      ],
      [
       -53.433462102295124,
       -24.965353211801407
      ],
      [
       -53.4337577022852,
       -24.965446693184507
      ],
      [
       -53.43406705111205,
       -24.965440461094513
      ],
      [
       -53.434472641796134,
       -24.965365675989922
      ],
      [
       -53.43551755338901,
       -24.965309587131664
      ],
      [
       -53.4363218603388,
       -24.965278426643803
      ],
      [
       -53.436665581257515,
       -24.9652597303473
      ],
      [
       -53.4367618231147,
       -24.965496549893132
      ],
      [
       -53.433489599968574,
       -24.96579568972068
      ],
      [
       -53.433805823213795,
       -24.966767889138364
      ],
      [
       -53.433695832519795,
       -24.969385310932307
      ],
      [
       -53.43329711625409,
       -24.970918346412947
      ],
      [
       -53.43441077203074,
       -24.971578916788285
      ],
      [
       -53.43577190686883,
       -24.97173471117125
      ],
      [
       -53.43584065105255,
       -24.96707325788314
      ],
      [
       -53.441298939241705,
       -24.967060793867578
      ],
      [
       -53.441333311333594,
       -24.965995115868417
      ],
      [
       -53.44211012060988,
       -24.96584554628792
      ],
      [
       -53.44258445547771,
       -24.96707948989044
      ],
      [
       -53.44371873450945,
       -24.967104417916527
      ],
      [
       -53.44206887409964,
       -24.965054070898297
      ],
      [
       -53.44229572990598,
       -24.96489826805662
      ],
      [
       -53.44275631593703,
       -24.964505644020758
      ],
      [
       -53.44375998101968,
       -24.963863732184812
      ],
      [
       -53.44420681821401,
       -24.964088090100304
      ],
      [
       -53.44525860422525,
       -24.965384372270336
      ],
      [
       -53.446276018144644,
       -24.965110159873017
      ],
      [
       -53.446468501859115,
       -24.96446201905058
      ],
      [
       -53.44721093904353,
       -24.9645118761581
      ],
      [
       -53.446990957655565,
       -24.96229321532467
      ],
      [
       -53.447045953002544,
       -24.96179463435289
      ],
      [
       -53.44622102279764,
       -24.961196334520878
      ],
      [
       -53.44770589716648,
       -24.95867845752372
      ],
      [
       -53.44860644597352,
       -24.959582156925563
      ],
      [
       -53.44820085528943,
       -24.96026771756356
      ],
      [
       -53.448599571555135,
       -24.96052324373367
      ],
      [
       -53.44989883662785,
       -24.960878486552247
      ],
      [
       -53.449878213372756,
       -24.9584603221914
      ],
      [
       -53.4448547321458,
       -24.955549736629692
      ]
     ]
    ],
    "type": "Polygon"
   }
  },
  {
   "type": "Feature",
   "properties": {
    "nome": "Bosque Elias Lopuch (Parque Verde)",
    "ano": null,
    "status_ano": "incerto",
    "fonte_ano": "listado no art. 57 do Plano Diretor (LC 91/2017, alterada pela LC 130/2023); ano de criação não levantado",
    "area_ha": 0.72,
    "na_area_estudo": true,
    "origem_geom": "polígono do autor (parque_Bosque_EliasLopuch.shp) — bosque arborizado de uma quadra, muito sombreado e frequentado por famílias"
   },
   "geometry": {
    "coordinates": [
     [
      [
       -53.490671012005436,
       -24.94038335086724
      ],
      [
       -53.48984264459135,
       -24.94000934879151
      ],
      [
       -53.48949204925426,
       -24.94063268495368
      ],
      [
       -53.49038916085209,
       -24.940981751826975
      ],
      [
       -53.490671012005436,
       -24.94038335086724
      ]
     ]
    ],
    "type": "Polygon"
   }
  }
 ]
}